<?xml version="1.0" encoding="utf-8"?>
<resources>

    <style name="Theme.ChatApp" parent="android:Theme.Material.Light.NoActionBar" />

    <style name="Theme.ChatApp.MySplash" parent="Theme.SplashScreen">
        <item name="windowSplashScreenBackground">#000000</item>
        <item name="windowSplashScreenAnimationDuration">600</item>
        <item name="windowSplashScreenAnimatedIcon">@drawable/ic_splash</item>
        <item name="postSplashScreenTheme">@style/Theme.ChatApp</item>
    </style>
</resources>