<vector xmlns:android="http://schemas.android.com/apk/res/android"
    xmlns:aapt="http://schemas.android.com/aapt"
    android:width="108dp"
    android:height="108dp"
    android:viewportWidth="139"
    android:viewportHeight="80">
  <group android:scaleX="0.48"
      android:scaleY="0.276259"
      android:translateX="36.14"
      android:translateY="28.94964">
    <path
        android:pathData="M104.67,25.93L116.27,5.83C117.28,3.87 116.52,1.47 114.63,0.46C112.8,-0.49 110.53,0.08 109.4,1.85L97.54,22.33C79.51,14.68 59.21,14.68 41.17,22.33L29.32,1.85C28.12,0.02 25.66,-0.55 23.83,0.59C22.07,1.72 21.5,4 22.45,5.83L34.05,25.93C14.5,37.12 1.77,57.28 0,79.78H138.72C136.95,57.28 124.21,37.12 104.67,25.93ZM37.83,62.4C33.48,62.4 29.95,58.86 29.95,54.5C29.95,50.14 33.48,46.6 37.83,46.6C42.18,46.6 45.71,50.14 45.71,54.5C45.71,58.86 42.18,62.4 37.83,62.4ZM100.88,62.4C96.53,62.4 93,58.86 93,54.5C93,50.14 96.53,46.6 100.88,46.6C105.24,46.6 108.77,50.14 108.77,54.5C108.77,58.86 105.24,62.4 100.88,62.4Z">
      <aapt:attr name="android:fillColor">
        <gradient 
            android:startX="69.36"
            android:startY="0"
            android:endX="69.36"
            android:endY="79.78"
            android:type="linear">
          <item android:offset="0" android:color="#FF00FFA3"/>
          <item android:offset="1" android:color="#FF00BCCE"/>
        </gradient>
      </aapt:attr>
    </path>
  </group>
</vector>
